Url vaga Linkedin;Nome da vaga;Empresa contratante;URl empresa contratante;Tipo contratação;Nível experiência;Número de candidaturas;Data postagem vaga;Horário scraping;Quantidade funcionários;Quantidade seguidores;Local sede;Url candidatura
https://br.linkedin.com/jobs/view/est%C3%A1gio-em-moda-publicidade-e-propaganda-at-alpha-est%C3%A1gio-3548988951?refId=x%2F4Br9LW7cyRRt7jkaGJ%2BA%3D%3D&trackingId=oGHh4GAStmVn%2Bg75fOdBEQ%3D%3D&position=1&pageNum=0&trk=public_jobs_jserp-result_search-card;ESTÁGIO EM MODA PUBLICIDADE E PROPAGANDA;Alpha Estágio;https://br.linkedin.com/company/alpha-est%C3%A1gio?trk=public_jobs_topcard_logo;Tempo integral;Estágio;Seja um dos 25 primeiros a se candidatar;2023-03-30;22:1h - 30/3/2023;2-10 funcionários;5.122;Ribeirão Preto, São Paulo;https://vagas.empregos.com.br/vaga/8564551/estagio-em-moda-publicidade-e-propaganda-em-ribeirao-preto-sp?538564551
https://br.linkedin.com/jobs/view/est%C3%A1gio-social-media-at-amplifica-digital-3484265974?refId=x%2F4Br9LW7cyRRt7jkaGJ%2BA%3D%3D&trackingId=0cCzVIXh1C%2Fji62POJdH7w%3D%3D&position=2&pageNum=0&trk=public_jobs_jserp-result_search-card;Estágio Social Media;Amplifica Digital;https://br.linkedin.com/company/amplificadigital?trk=public_jobs_topcard_logo;Tempo integral;Estágio;37 candidaturas;2023-01-25;22:2h - 30/3/2023;2-10 funcionários;3.846;São Paulo, SP;https://jobs.quickin.io/amplificadigital/jobs/612802f995d8fd001aa67b5f?src=LinkedIn%20Limited%20Listings
https://br.linkedin.com/jobs/view/est%C3%A1gio-em-marketing-e-midias-sociais-at-vero-rh-3548968183?refId=x%2F4Br9LW7cyRRt7jkaGJ%2BA%3D%3D&trackingId=%2Bm0h2zjujKx5Jc0DJu3sNQ%3D%3D&position=3&pageNum=0&trk=public_jobs_jserp-result_search-card;Estágio em marketing e midias sociais;VERO RH;https://br.linkedin.com/company/vero-rh?trk=public_jobs_topcard_logo;Tempo integral;Estágio;Seja um dos 25 primeiros a se candidatar;2023-03-30;22:2h - 30/3/2023;11-50 funcionários;16.201;São Paulo, SP;https://vagas.empregos.com.br/vaga/8506900/estagio-em-marketing-e-midias-sociais-em-sao-paulo-sp?538506900
https://br.linkedin.com/jobs/view/est%C3%A1gio-marketing-publicidade-e-propaganda-at-up-est%C3%A1gio-3548976263?refId=x%2F4Br9LW7cyRRt7jkaGJ%2BA%3D%3D&trackingId=ut6kR0J7rf9S0u9%2Bh7NaFA%3D%3D&position=4&pageNum=0&trk=public_jobs_jserp-result_search-card;Estágio: Marketing, Publicidade e Propaganda;Up Estágio;https://br.linkedin.com/company/upestagio?trk=public_jobs_topcard_logo;Tempo integral;Estágio;Seja um dos 25 primeiros a se candidatar;2023-03-30;22:3h - 30/3/2023;2-10 funcionários;2.481;Águas Claras, DF;https://vagas.empregos.com.br/vaga/8530000/estagio-marketing-publicidade-e-propaganda-em-samambaia-df?538530000
https://br.linkedin.com/jobs/view/est%C3%A1gio-na-%C3%A1rea-de-social-m%C3%A9dia-at-dom-casero-3475147010?refId=x%2F4Br9LW7cyRRt7jkaGJ%2BA%3D%3D&trackingId=5xy1pWPU1%2Fnvp%2B62lDD8yw%3D%3D&position=5&pageNum=0&trk=public_jobs_jserp-result_search-card;Estágio na área de Social média;Dom Casero;https://br.linkedin.com/company/domcasero?trk=public_jobs_topcard_logo;Tempo integral;Estágio;Seja um dos 25 primeiros a se candidatar;2023-01-14;22:3h - 30/3/2023;51-200 funcionários;3.626;Brasilia , DF;https://www.catho.com.br/vagas/linkedin/21359206/
https://br.linkedin.com/jobs/view/est%C3%A1gio-na-%C3%A1rea-de-m%C3%ADdias-sociais-at-ash-talentos-3548973803?refId=x%2F4Br9LW7cyRRt7jkaGJ%2BA%3D%3D&trackingId=xq2PittwL737QvJC5VQcoQ%3D%3D&position=6&pageNum=0&trk=public_jobs_jserp-result_search-card;Estágio na área de Mídias Sociais;ASH Talentos;https://br.linkedin.com/company/ashtalentos?trk=public_jobs_topcard_logo;Tempo integral;Estágio;Seja um dos 25 primeiros a se candidatar;2023-03-30;22:4h - 30/3/2023;11-50 funcionários;6.690;Goiânia, GO;https://vagas.empregos.com.br/vaga/8524040/estagio-na-area-de-midias-sociais-em-goiania-go?538524040
https://br.linkedin.com/jobs/view/est%C3%A1gio-para-social-media-at-self-carreiras-3516869340?refId=x%2F4Br9LW7cyRRt7jkaGJ%2BA%3D%3D&trackingId=GyXTn%2BIQlcUPjUJBAe5dxQ%3D%3D&position=7&pageNum=0&trk=public_jobs_jserp-result_search-card;Estágio para Social Media;SELF CARREIRAS;https://br.linkedin.com/company/selfcarreiras?trk=public_jobs_topcard_logo;Tempo integral;Estágio;99 candidaturas;2023-03-07;22:4h - 30/3/2023;2-10 funcionários;13.139;Salvador, Bahia;https://selfcarreiras.abler.com.br/vagas/estagiario-social-media-485288
https://br.linkedin.com/jobs/view/estagi%C3%A1rio-marketing-s%C3%A3o-paulo-sp-at-pharmexx-brasil-3457646071?refId=x%2F4Br9LW7cyRRt7jkaGJ%2BA%3D%3D&trackingId=zqDzNVb6xyfLGMIbhJWcQQ%3D%3D&position=8&pageNum=0&trk=public_jobs_jserp-result_search-card;Estagiário Marketing - São Paulo - SP;pharmexx Brasil;https://br.linkedin.com/company/pharmexx-brasil?trk=public_jobs_topcard_logo;Tempo integral;Estágio;Mais de 200 candidaturas;2023-02-01;22:5h - 30/3/2023;201-500 funcionários;55.382;São Paulo, SP;https://jobs.quickin.io/pharmexx/jobs/63da64d0b994590015d79be7?src=LinkedIn%20Limited%20Listings
https://br.linkedin.com/jobs/view/est%C3%A1gio-na-%C3%A1rea-de-social-m%C3%A9dia-at-dom-casero-3475147010?refId=quOVjQ7Kl8jhydUa8se1gQ%3D%3D&trackingId=m7FL8j9M1wALmicJrpt3pg%3D%3D&position=10&pageNum=0&trk=public_jobs_jserp-result_search-card;Estágio na área de Social média;Dom Casero;https://br.linkedin.com/company/domcasero?trk=public_jobs_topcard_logo;Tempo integral;Estágio;Seja um dos 25 primeiros a se candidatar;2023-01-14;11:2h - 31/3/2023;51-200 funcionários;3.627;Brasilia , DF;https://www.catho.com.br/vagas/linkedin/21359206/
https://br.linkedin.com/jobs/view/est%C3%A1gio-s%C3%A3o-paulo-sp-marketing-publicidade-e-propaganda-%E2%80%93-vgaerb273-at-alpha-est%C3%A1gio-3545235808?refId=GecybqnOMTHN8aNNF83LOQ%3D%3D&trackingId=gik%2B07d5qcPD47QRpN0rOw%3D%3D&position=14&pageNum=0&trk=public_jobs_jserp-result_search-card;ESTÁGIO SÃO PAULO SP - MARKETING/ PUBLICIDADE E PROPAGANDA – VGAERB273;Alpha Estágio;https://br.linkedin.com/company/alpha-est%C3%A1gio?trk=public_jobs_topcard_logo;Tempo integral;Estágio;89 candidaturas;2023-03-27;11:7h - 31/3/2023;2-10 funcionários;5.122;Ribeirão Preto, São Paulo;https://jobs.recrutei.com.br/alpha-estagio/vacancy/38761-estagio-sao-paulo-sp-marketing-publicidade-e-propaganda-vgaerb273?utm_source=linkedin-jobboard
https://br.linkedin.com/jobs/view/estagi%C3%A1rio-comunica%C3%A7%C3%A3o-marketing-at-marjan-farma-3492938380?refId=qg%2BaK0vml47B3dFR42RGXw%3D%3D&trackingId=JJ0V%2FJ9u31APvQBH0Und2A%3D%3D&position=16&pageNum=0&trk=public_jobs_jserp-result_search-card;Estagiário Comunicação - Marketing;Marjan Farma;https://br.linkedin.com/company/marjan-farma?trk=public_jobs_topcard_logo;Tempo integral;Estágio;78 candidaturas;2023-02-22;11:9h - 31/3/2023;N/I;N/I;N/I;https://www.vagas.com.br/vagas/v2490080?fnt=19&fntcompl=linkedin&utm_campaign=jobs&utm_content=Estagi%e1rio%20Comunica%e7%e3o%20-%20Marketing&utm_medium=xml&utm_source=linkedin
https://br.linkedin.com/jobs/view/est%C3%A1gio-na-%C3%A1rea-vendas-comercial-publicidade-at-an%C3%A1lise-editorial-3528087221?refId=pA5PNGictIwLxll88yMpIw%3D%3D&trackingId=e9QKb9cG7rc%2BFuo25hvKwA%3D%3D&position=18&pageNum=0&trk=public_jobs_jserp-result_search-card;Estágio na área Vendas, Comercial, Publicidade;Análise Editorial;https://br.linkedin.com/company/analise-editorial?trk=public_jobs_topcard_logo;Tempo integral;Estágio;Seja um dos 25 primeiros a se candidatar;2023-03-15;8:49h - 1/4/2023;51-200 funcionários;13.332;São Paulo, São Paulo;https://www.catho.com.br/vagas/linkedin/22232796/
https://br.linkedin.com/jobs/view/est%C3%A1gio-em-comunica%C3%A7%C3%A3o-propaganda-e-marketing-at-confidencial-3522373391?refId=pA5PNGictIwLxll88yMpIw%3D%3D&trackingId=a%2BoRIQdQJOTBWwpWm2KhKQ%3D%3D&position=19&pageNum=0&trk=public_jobs_jserp-result_search-card;Estágio em Comunicação Propaganda e Marketing;Confidencial;https://ca.linkedin.com/company/econfidencial?trk=public_jobs_topcard_logo;Tempo integral;Estágio;Seja um dos 25 primeiros a se candidatar;2023-02-14;8:49h - 1/4/2023;SedeToronto , On;1.799.590;Toronto , On;https://www.catho.com.br/vagas/linkedin/22007302/
https://br.linkedin.com/jobs/view/est%C3%A1gio-em-marketing-comunica%C3%A7%C3%A3o-social-publicidade-e-propaganda-barra-at-confidencial-3530964720?refId=pA5PNGictIwLxll88yMpIw%3D%3D&trackingId=AvAyPJHyLm3aUPmTWe1RkQ%3D%3D&position=20&pageNum=0&trk=public_jobs_jserp-result_search-card;ESTÁGIO EM MARKETING, COMUNICAÇÃO SOCIAL - PUBLICIDADE E PROPAGANDA - BARRA;Confidencial;https://ca.linkedin.com/company/econfidencial?trk=public_jobs_topcard_logo;Tempo integral;Estágio;63 candidaturas;2023-03-16;8:50h - 1/4/2023;SedeToronto , On;1.799.591;Toronto , On;https://www.catho.com.br/vagas/estagio-em-marketing-comunicacao-social-publicidade-e-propaganda-barra/
https://br.linkedin.com/jobs/view/est%C3%A1gio-em-publicidade-marketing-design-at-confidencial-3487595872?refId=pA5PNGictIwLxll88yMpIw%3D%3D&trackingId=xV8GeGi4WySdytatg8jjmA%3D%3D&position=21&pageNum=0&trk=public_jobs_jserp-result_search-card;Estágio em Publicidade / Marketing / Design;Confidencial;https://ca.linkedin.com/company/econfidencial?trk=public_jobs_topcard_logo;Tempo integral;Estágio;26 candidaturas;2023-02-17;8:50h - 1/4/2023;SedeToronto , On;1.799.591;Toronto , On;https://www.catho.com.br/vagas/linkedin/22065477/
https://br.linkedin.com/jobs/view/est%C3%A1gio-em-publicidade-e-propaganda-at-grupo-drumattos-3550427806?refId=pA5PNGictIwLxll88yMpIw%3D%3D&trackingId=ahLUFHqIRNDpri6Is4SVog%3D%3D&position=23&pageNum=0&trk=public_jobs_jserp-result_search-card;Estágio em Publicidade e Propaganda;Grupo Drumattos;https://br.linkedin.com/company/grupodrumattos?trk=public_jobs_topcard_logo;Tempo integral;Estágio;Seja um dos 25 primeiros a se candidatar;2023-03-31;8:51h - 1/4/2023;201-500 funcionários;2.137;Recife, PE;https://drumattos.pandape.infojobs.com.br/Detail/395000?ov=6&xtor=AL-366332662&utm_source=linkedin&utm_medium=referral&utm_campaign=feed&utm_term=organic&utm_content=ats
https://br.linkedin.com/jobs/view/est%C3%A1gio-em-publicidade-e-propaganda-ou-comunica%C3%A7%C3%A3o-at-evoest%C3%A1gios-3464148480?refId=pA5PNGictIwLxll88yMpIw%3D%3D&trackingId=9jF8za65E4FtvOIHvEmOJQ%3D%3D&position=24&pageNum=0&trk=public_jobs_jserp-result_search-card;Estágio em Publicidade e propaganda ou Comunicação;EVOESTÁGIOS;https://br.linkedin.com/company/evoestagios?trk=public_jobs_topcard_logo;Tempo integral;Estágio;Mais de 200 candidaturas;2023-02-01;8:51h - 1/4/2023;11-50 funcionários;4.443;Taubaté, São Paulo;https://souzasantosconsultoria.pandape.infojobs.com.br/Detail/333080?ov=6&xtor=AL-366332662&utm_source=linkedin&utm_medium=referral&utm_campaign=feed&utm_term=organic&utm_content=ats
